<graph caption='FOR RA Line1312 Cell1' baseFontSize='10' xAxisName='Time' yAxisName='FOR' numberSuffix='%25' decimalPrecision='2' formatNumberScale='0' rotateNames='0' showValues='1' yAxisMaxValue='1'>
<set name='8' value='3.11' color='FF3333' />
<set name='9' value='6.79' color='FF3333' />
<set name='10' value='2.62' color='FF3333' />
<set name='11' value='1.67' color='FF3333' />
<set name='12' value='2.18' color='FF3333' />
<set name='13' value='3.09' color='FF3333' />
<set name='14' value='2.68' color='FF3333' />
<set name='15' value='3.97' color='FF3333' />
<set name='16' value='2.29' color='FF3333' />
<set name='17' value='' color='FF3333' />
<set name='18' value='' color='FF3333' />
<set name='19' value='' color='FF3333' />
<trendlines><line startValue='2' color='ff0000' displayValue='2' showOnTop='1' thickness='2'/></trendlines>
</graph>
